{
  "openapi": "3.0.1",
  "info": {
    "title": "Eyeglasses Store API",
    "version": "v1"
  },
  "paths": {
    "/api/AdminRole": {
      "get": {
        "tags": [
          "AdminRole"
        ],
        "responses": {
          "200": {
            "description": "OK",
            "content": {
              "text/plain": {
                "schema": {
                  "type": "array",
                  "items": {
                    "$ref": "#/components/schemas/AdminRole"
                  }
                }
              },
              "application/json": {
                "schema": {
                  "type": "array",
                  "items": {
                    "$ref": "#/components/schemas/AdminRole"
                  }
                }
              },
              "text/json": {
                "schema": {
                  "type": "array",
                  "items": {
                    "$ref": "#/components/schemas/AdminRole"
                  }
                }
              }
            }
          }
        }
      },
      "post": {
        "tags": [
          "AdminRole"
        ],
        "requestBody": {
          "content": {
            "application/json": {
              "schema": {
                "$ref": "#/components/schemas/AdminRole"
              }
            },
            "text/json": {
              "schema": {
                "$ref": "#/components/schemas/AdminRole"
              }
            },
            "application/*+json": {
              "schema": {
                "$ref": "#/components/schemas/AdminRole"
              }
            }
          }
        },
        "responses": {
          "200": {
            "description": "OK",
            "content": {
              "text/plain": {
                "schema": {
                  "$ref": "#/components/schemas/AdminRole"
                }
              },
              "application/json": {
                "schema": {
                  "$ref": "#/components/schemas/AdminRole"
                }
              },
              "text/json": {
                "schema": {
                  "$ref": "#/components/schemas/AdminRole"
                }
              }
            }
          }
        }
      }
    },
    "/api/AdminRole/{id}": {
      "get": {
        "tags": [
          "AdminRole"
        ],
        "parameters": [
          {
            "name": "id",
            "in": "path",
            "required": true,
            "schema": {
              "type": "integer",
              "format": "int32"
            }
          }
        ],
        "responses": {
          "200": {
            "description": "OK",
            "content": {
              "text/plain": {
                "schema": {
                  "$ref": "#/components/schemas/AdminRole"
                }
              },
              "application/json": {
                "schema": {
                  "$ref": "#/components/schemas/AdminRole"
                }
              },
              "text/json": {
                "schema": {
                  "$ref": "#/components/schemas/AdminRole"
                }
              }
            }
          }
        }
      },
      "put": {
        "tags": [
          "AdminRole"
        ],
        "parameters": [
          {
            "name": "id",
            "in": "path",
            "required": true,
            "schema": {
              "type": "integer",
              "format": "int32"
            }
          }
        ],
        "requestBody": {
          "content": {
            "application/json": {
              "schema": {
                "$ref": "#/components/schemas/AdminRole"
              }
            },
            "text/json": {
              "schema": {
                "$ref": "#/components/schemas/AdminRole"
              }
            },
            "application/*+json": {
              "schema": {
                "$ref": "#/components/schemas/AdminRole"
              }
            }
          }
        },
        "responses": {
          "200": {
            "description": "OK"
          }
        }
      },
      "delete": {
        "tags": [
          "AdminRole"
        ],
        "parameters": [
          {
            "name": "id",
            "in": "path",
            "required": true,
            "schema": {
              "type": "integer",
              "format": "int32"
            }
          }
        ],
        "responses": {
          "200": {
            "description": "OK"
          }
        }
      }
    },
    "/api/Auth/login": {
      "post": {
        "tags": [
          "Auth"
        ],
        "requestBody": {
          "content": {
            "application/json": {
              "schema": {
                "$ref": "#/components/schemas/UserLoginDto"
              }
            },
            "text/json": {
              "schema": {
                "$ref": "#/components/schemas/UserLoginDto"
              }
            },
            "application/*+json": {
              "schema": {
                "$ref": "#/components/schemas/UserLoginDto"
              }
            }
          }
        },
        "responses": {
          "200": {
            "description": "OK"
          }
        }
      }
    },
    "/api/Dashboard/summary": {
      "get": {
        "tags": [
          "Dashboard"
        ],
        "responses": {
          "200": {
            "description": "OK",
            "content": {
              "text/plain": {
                "schema": {
                  "$ref": "#/components/schemas/DashboardDTO"
                }
              },
              "application/json": {
                "schema": {
                  "$ref": "#/components/schemas/DashboardDTO"
                }
              },
              "text/json": {
                "schema": {
                  "$ref": "#/components/schemas/DashboardDTO"
                }
              }
            }
          }
        }
      }
    },
    "/api/Discount": {
      "get": {
        "tags": [
          "Discount"
        ],
        "responses": {
          "200": {
            "description": "OK",
            "content": {
              "text/plain": {
                "schema": {
                  "type": "array",
                  "items": {
                    "$ref": "#/components/schemas/Discount"
                  }
                }
              },
              "application/json": {
                "schema": {
                  "type": "array",
                  "items": {
                    "$ref": "#/components/schemas/Discount"
                  }
                }
              },
              "text/json": {
                "schema": {
                  "type": "array",
                  "items": {
                    "$ref": "#/components/schemas/Discount"
                  }
                }
              }
            }
          }
        }
      },
      "post": {
        "tags": [
          "Discount"
        ],
        "requestBody": {
          "content": {
            "application/json": {
              "schema": {
                "$ref": "#/components/schemas/Discount"
              }
            },
            "text/json": {
              "schema": {
                "$ref": "#/components/schemas/Discount"
              }
            },
            "application/*+json": {
              "schema": {
                "$ref": "#/components/schemas/Discount"
              }
            }
          }
        },
        "responses": {
          "200": {
            "description": "OK",
            "content": {
              "text/plain": {
                "schema": {
                  "$ref": "#/components/schemas/Discount"
                }
              },
              "application/json": {
                "schema": {
                  "$ref": "#/components/schemas/Discount"
                }
              },
              "text/json": {
                "schema": {
                  "$ref": "#/components/schemas/Discount"
                }
              }
            }
          }
        }
      }
    },
    "/api/Discount/{id}": {
      "get": {
        "tags": [
          "Discount"
        ],
        "parameters": [
          {
            "name": "id",
            "in": "path",
            "required": true,
            "schema": {
              "type": "integer",
              "format": "int32"
            }
          }
        ],
        "responses": {
          "200": {
            "description": "OK",
            "content": {
              "text/plain": {
                "schema": {
                  "$ref": "#/components/schemas/Discount"
                }
              },
              "application/json": {
                "schema": {
                  "$ref": "#/components/schemas/Discount"
                }
              },
              "text/json": {
                "schema": {
                  "$ref": "#/components/schemas/Discount"
                }
              }
            }
          }
        }
      },
      "put": {
        "tags": [
          "Discount"
        ],
        "parameters": [
          {
            "name": "id",
            "in": "path",
            "required": true,
            "schema": {
              "type": "integer",
              "format": "int32"
            }
          }
        ],
        "requestBody": {
          "content": {
            "application/json": {
              "schema": {
                "$ref": "#/components/schemas/Discount"
              }
            },
            "text/json": {
              "schema": {
                "$ref": "#/components/schemas/Discount"
              }
            },
            "application/*+json": {
              "schema": {
                "$ref": "#/components/schemas/Discount"
              }
            }
          }
        },
        "responses": {
          "200": {
            "description": "OK"
          }
        }
      },
      "delete": {
        "tags": [
          "Discount"
        ],
        "parameters": [
          {
            "name": "id",
            "in": "path",
            "required": true,
            "schema": {
              "type": "integer",
              "format": "int32"
            }
          }
        ],
        "responses": {
          "200": {
            "description": "OK"
          }
        }
      }
    },
    "/api/FrameCompany": {
      "get": {
        "tags": [
          "FrameCompany"
        ],
        "responses": {
          "200": {
            "description": "OK",
            "content": {
              "text/plain": {
                "schema": {
                  "type": "array",
                  "items": {
                    "$ref": "#/components/schemas/FrameCompany"
                  }
                }
              },
              "application/json": {
                "schema": {
                  "type": "array",
                  "items": {
                    "$ref": "#/components/schemas/FrameCompany"
                  }
                }
              },
              "text/json": {
                "schema": {
                  "type": "array",
                  "items": {
                    "$ref": "#/components/schemas/FrameCompany"
                  }
                }
              }
            }
          }
        }
      },
      "post": {
        "tags": [
          "FrameCompany"
        ],
        "requestBody": {
          "content": {
            "application/json": {
              "schema": {
                "$ref": "#/components/schemas/FrameCompany"
              }
            },
            "text/json": {
              "schema": {
                "$ref": "#/components/schemas/FrameCompany"
              }
            },
            "application/*+json": {
              "schema": {
                "$ref": "#/components/schemas/FrameCompany"
              }
            }
          }
        },
        "responses": {
          "200": {
            "description": "OK",
            "content": {
              "text/plain": {
                "schema": {
                  "$ref": "#/components/schemas/FrameCompany"
                }
              },
              "application/json": {
                "schema": {
                  "$ref": "#/components/schemas/FrameCompany"
                }
              },
              "text/json": {
                "schema": {
                  "$ref": "#/components/schemas/FrameCompany"
                }
              }
            }
          }
        }
      }
    },
    "/api/FrameCompany/{id}": {
      "get": {
        "tags": [
          "FrameCompany"
        ],
        "parameters": [
          {
            "name": "id",
            "in": "path",
            "required": true,
            "schema": {
              "type": "integer",
              "format": "int32"
            }
          }
        ],
        "responses": {
          "200": {
            "description": "OK",
            "content": {
              "text/plain": {
                "schema": {
                  "$ref": "#/components/schemas/FrameCompany"
                }
              },
              "application/json": {
                "schema": {
                  "$ref": "#/components/schemas/FrameCompany"
                }
              },
              "text/json": {
                "schema": {
                  "$ref": "#/components/schemas/FrameCompany"
                }
              }
            }
          }
        }
      },
      "put": {
        "tags": [
          "FrameCompany"
        ],
        "parameters": [
          {
            "name": "id",
            "in": "path",
            "required": true,
            "schema": {
              "type": "integer",
              "format": "int32"
            }
          }
        ],
        "requestBody": {
          "content": {
            "application/json": {
              "schema": {
                "$ref": "#/components/schemas/FrameCompany"
              }
            },
            "text/json": {
              "schema": {
                "$ref": "#/components/schemas/FrameCompany"
              }
            },
            "application/*+json": {
              "schema": {
                "$ref": "#/components/schemas/FrameCompany"
              }
            }
          }
        },
        "responses": {
          "200": {
            "description": "OK"
          }
        }
      },
      "delete": {
        "tags": [
          "FrameCompany"
        ],
        "parameters": [
          {
            "name": "id",
            "in": "path",
            "required": true,
            "schema": {
              "type": "integer",
              "format": "int32"
            }
          }
        ],
        "responses": {
          "200": {
            "description": "OK"
          }
        }
      }
    },
    "/api/Inventory": {
      "get": {
        "tags": [
          "Inventory"
        ],
        "responses": {
          "200": {
            "description": "OK",
            "content": {
              "text/plain": {
                "schema": {
                  "type": "array",
                  "items": {
                    "$ref": "#/components/schemas/Inventory"
                  }
                }
              },
              "application/json": {
                "schema": {
                  "type": "array",
                  "items": {
                    "$ref": "#/components/schemas/Inventory"
                  }
                }
              },
              "text/json": {
                "schema": {
                  "type": "array",
                  "items": {
                    "$ref": "#/components/schemas/Inventory"
                  }
                }
              }
            }
          }
        }
      },
      "post": {
        "tags": [
          "Inventory"
        ],
        "requestBody": {
          "content": {
            "application/json": {
              "schema": {
                "$ref": "#/components/schemas/Inventory"
              }
            },
            "text/json": {
              "schema": {
                "$ref": "#/components/schemas/Inventory"
              }
            },
            "application/*+json": {
              "schema": {
                "$ref": "#/components/schemas/Inventory"
              }
            }
          }
        },
        "responses": {
          "200": {
            "description": "OK",
            "content": {
              "text/plain": {
                "schema": {
                  "$ref": "#/components/schemas/Inventory"
                }
              },
              "application/json": {
                "schema": {
                  "$ref": "#/components/schemas/Inventory"
                }
              },
              "text/json": {
                "schema": {
                  "$ref": "#/components/schemas/Inventory"
                }
              }
            }
          }
        }
      }
    },
    "/api/Inventory/{id}": {
      "get": {
        "tags": [
          "Inventory"
        ],
        "parameters": [
          {
            "name": "id",
            "in": "path",
            "required": true,
            "schema": {
              "type": "integer",
              "format": "int32"
            }
          }
        ],
        "responses": {
          "200": {
            "description": "OK",
            "content": {
              "text/plain": {
                "schema": {
                  "$ref": "#/components/schemas/Inventory"
                }
              },
              "application/json": {
                "schema": {
                  "$ref": "#/components/schemas/Inventory"
                }
              },
              "text/json": {
                "schema": {
                  "$ref": "#/components/schemas/Inventory"
                }
              }
            }
          }
        }
      },
      "put": {
        "tags": [
          "Inventory"
        ],
        "parameters": [
          {
            "name": "id",
            "in": "path",
            "required": true,
            "schema": {
              "type": "integer",
              "format": "int32"
            }
          }
        ],
        "requestBody": {
          "content": {
            "application/json": {
              "schema": {
                "$ref": "#/components/schemas/Inventory"
              }
            },
            "text/json": {
              "schema": {
                "$ref": "#/components/schemas/Inventory"
              }
            },
            "application/*+json": {
              "schema": {
                "$ref": "#/components/schemas/Inventory"
              }
            }
          }
        },
        "responses": {
          "200": {
            "description": "OK"
          }
        }
      },
      "delete": {
        "tags": [
          "Inventory"
        ],
        "parameters": [
          {
            "name": "id",
            "in": "path",
            "required": true,
            "schema": {
              "type": "integer",
              "format": "int32"
            }
          }
        ],
        "responses": {
          "200": {
            "description": "OK"
          }
        }
      }
    },
    "/api/LenseCompany": {
      "get": {
        "tags": [
          "LenseCompany"
        ],
        "responses": {
          "200": {
            "description": "OK",
            "content": {
              "text/plain": {
                "schema": {
                  "type": "array",
                  "items": {
                    "$ref": "#/components/schemas/LenseCompany"
                  }
                }
              },
              "application/json": {
                "schema": {
                  "type": "array",
                  "items": {
                    "$ref": "#/components/schemas/LenseCompany"
                  }
                }
              },
              "text/json": {
                "schema": {
                  "type": "array",
                  "items": {
                    "$ref": "#/components/schemas/LenseCompany"
                  }
                }
              }
            }
          }
        }
      },
      "post": {
        "tags": [
          "LenseCompany"
        ],
        "requestBody": {
          "content": {
            "application/json": {
              "schema": {
                "$ref": "#/components/schemas/LenseCompany"
              }
            },
            "text/json": {
              "schema": {
                "$ref": "#/components/schemas/LenseCompany"
              }
            },
            "application/*+json": {
              "schema": {
                "$ref": "#/components/schemas/LenseCompany"
              }
            }
          }
        },
        "responses": {
          "200": {
            "description": "OK",
            "content": {
              "text/plain": {
                "schema": {
                  "$ref": "#/components/schemas/LenseCompany"
                }
              },
              "application/json": {
                "schema": {
                  "$ref": "#/components/schemas/LenseCompany"
                }
              },
              "text/json": {
                "schema": {
                  "$ref": "#/components/schemas/LenseCompany"
                }
              }
            }
          }
        }
      }
    },
    "/api/LenseCompany/{id}": {
      "get": {
        "tags": [
          "LenseCompany"
        ],
        "parameters": [
          {
            "name": "id",
            "in": "path",
            "required": true,
            "schema": {
              "type": "integer",
              "format": "int32"
            }
          }
        ],
        "responses": {
          "200": {
            "description": "OK",
            "content": {
              "text/plain": {
                "schema": {
                  "$ref": "#/components/schemas/LenseCompany"
                }
              },
              "application/json": {
                "schema": {
                  "$ref": "#/components/schemas/LenseCompany"
                }
              },
              "text/json": {
                "schema": {
                  "$ref": "#/components/schemas/LenseCompany"
                }
              }
            }
          }
        }
      },
      "put": {
        "tags": [
          "LenseCompany"
        ],
        "parameters": [
          {
            "name": "id",
            "in": "path",
            "required": true,
            "schema": {
              "type": "integer",
              "format": "int32"
            }
          }
        ],
        "requestBody": {
          "content": {
            "application/json": {
              "schema": {
                "$ref": "#/components/schemas/LenseCompany"
              }
            },
            "text/json": {
              "schema": {
                "$ref": "#/components/schemas/LenseCompany"
              }
            },
            "application/*+json": {
              "schema": {
                "$ref": "#/components/schemas/LenseCompany"
              }
            }
          }
        },
        "responses": {
          "200": {
            "description": "OK"
          }
        }
      },
      "delete": {
        "tags": [
          "LenseCompany"
        ],
        "parameters": [
          {
            "name": "id",
            "in": "path",
            "required": true,
            "schema": {
              "type": "integer",
              "format": "int32"
            }
          }
        ],
        "responses": {
          "200": {
            "description": "OK"
          }
        }
      }
    },
    "/api/Order": {
      "get": {
        "tags": [
          "Order"
        ],
        "responses": {
          "200": {
            "description": "OK",
            "content": {
              "text/plain": {
                "schema": {
                  "type": "array",
                  "items": {
                    "$ref": "#/components/schemas/Order"
                  }
                }
              },
              "application/json": {
                "schema": {
                  "type": "array",
                  "items": {
                    "$ref": "#/components/schemas/Order"
                  }
                }
              },
              "text/json": {
                "schema": {
                  "type": "array",
                  "items": {
                    "$ref": "#/components/schemas/Order"
                  }
                }
              }
            }
          }
        }
      },
      "post": {
        "tags": [
          "Order"
        ],
        "requestBody": {
          "content": {
            "application/json": {
              "schema": {
                "$ref": "#/components/schemas/Order"
              }
            },
            "text/json": {
              "schema": {
                "$ref": "#/components/schemas/Order"
              }
            },
            "application/*+json": {
              "schema": {
                "$ref": "#/components/schemas/Order"
              }
            }
          }
        },
        "responses": {
          "200": {
            "description": "OK",
            "content": {
              "text/plain": {
                "schema": {
                  "$ref": "#/components/schemas/Order"
                }
              },
              "application/json": {
                "schema": {
                  "$ref": "#/components/schemas/Order"
                }
              },
              "text/json": {
                "schema": {
                  "$ref": "#/components/schemas/Order"
                }
              }
            }
          }
        }
      }
    },
    "/api/Order/{id}": {
      "get": {
        "tags": [
          "Order"
        ],
        "parameters": [
          {
            "name": "id",
            "in": "path",
            "required": true,
            "schema": {
              "type": "integer",
              "format": "int32"
            }
          }
        ],
        "responses": {
          "200": {
            "description": "OK",
            "content": {
              "text/plain": {
                "schema": {
                  "$ref": "#/components/schemas/Order"
                }
              },
              "application/json": {
                "schema": {
                  "$ref": "#/components/schemas/Order"
                }
              },
              "text/json": {
                "schema": {
                  "$ref": "#/components/schemas/Order"
                }
              }
            }
          }
        }
      },
      "put": {
        "tags": [
          "Order"
        ],
        "parameters": [
          {
            "name": "id",
            "in": "path",
            "required": true,
            "schema": {
              "type": "integer",
              "format": "int32"
            }
          }
        ],
        "requestBody": {
          "content": {
            "application/json": {
              "schema": {
                "$ref": "#/components/schemas/Order"
              }
            },
            "text/json": {
              "schema": {
                "$ref": "#/components/schemas/Order"
              }
            },
            "application/*+json": {
              "schema": {
                "$ref": "#/components/schemas/Order"
              }
            }
          }
        },
        "responses": {
          "200": {
            "description": "OK"
          }
        }
      },
      "delete": {
        "tags": [
          "Order"
        ],
        "parameters": [
          {
            "name": "id",
            "in": "path",
            "required": true,
            "schema": {
              "type": "integer",
              "format": "int32"
            }
          }
        ],
        "responses": {
          "200": {
            "description": "OK"
          }
        }
      }
    },
    "/api/OrderDetails": {
      "get": {
        "tags": [
          "OrderDetails"
        ],
        "responses": {
          "200": {
            "description": "OK",
            "content": {
              "text/plain": {
                "schema": {
                  "type": "array",
                  "items": {
                    "$ref": "#/components/schemas/Order_Details"
                  }
                }
              },
              "application/json": {
                "schema": {
                  "type": "array",
                  "items": {
                    "$ref": "#/components/schemas/Order_Details"
                  }
                }
              },
              "text/json": {
                "schema": {
                  "type": "array",
                  "items": {
                    "$ref": "#/components/schemas/Order_Details"
                  }
                }
              }
            }
          }
        }
      },
      "post": {
        "tags": [
          "OrderDetails"
        ],
        "requestBody": {
          "content": {
            "application/json": {
              "schema": {
                "$ref": "#/components/schemas/Order_Details"
              }
            },
            "text/json": {
              "schema": {
                "$ref": "#/components/schemas/Order_Details"
              }
            },
            "application/*+json": {
              "schema": {
                "$ref": "#/components/schemas/Order_Details"
              }
            }
          }
        },
        "responses": {
          "200": {
            "description": "OK",
            "content": {
              "text/plain": {
                "schema": {
                  "$ref": "#/components/schemas/Order_Details"
                }
              },
              "application/json": {
                "schema": {
                  "$ref": "#/components/schemas/Order_Details"
                }
              },
              "text/json": {
                "schema": {
                  "$ref": "#/components/schemas/Order_Details"
                }
              }
            }
          }
        }
      }
    },
    "/api/OrderDetails/{id}": {
      "get": {
        "tags": [
          "OrderDetails"
        ],
        "parameters": [
          {
            "name": "id",
            "in": "path",
            "required": true,
            "schema": {
              "type": "integer",
              "format": "int32"
            }
          }
        ],
        "responses": {
          "200": {
            "description": "OK",
            "content": {
              "text/plain": {
                "schema": {
                  "$ref": "#/components/schemas/Order_Details"
                }
              },
              "application/json": {
                "schema": {
                  "$ref": "#/components/schemas/Order_Details"
                }
              },
              "text/json": {
                "schema": {
                  "$ref": "#/components/schemas/Order_Details"
                }
              }
            }
          }
        }
      },
      "put": {
        "tags": [
          "OrderDetails"
        ],
        "parameters": [
          {
            "name": "id",
            "in": "path",
            "required": true,
            "schema": {
              "type": "integer",
              "format": "int32"
            }
          }
        ],
        "requestBody": {
          "content": {
            "application/json": {
              "schema": {
                "$ref": "#/components/schemas/Order_Details"
              }
            },
            "text/json": {
              "schema": {
                "$ref": "#/components/schemas/Order_Details"
              }
            },
            "application/*+json": {
              "schema": {
                "$ref": "#/components/schemas/Order_Details"
              }
            }
          }
        },
        "responses": {
          "200": {
            "description": "OK"
          }
        }
      },
      "delete": {
        "tags": [
          "OrderDetails"
        ],
        "parameters": [
          {
            "name": "id",
            "in": "path",
            "required": true,
            "schema": {
              "type": "integer",
              "format": "int32"
            }
          }
        ],
        "responses": {
          "200": {
            "description": "OK"
          }
        }
      }
    },
    "/api/Payment": {
      "get": {
        "tags": [
          "Payment"
        ],
        "responses": {
          "200": {
            "description": "OK",
            "content": {
              "text/plain": {
                "schema": {
                  "type": "array",
                  "items": {
                    "$ref": "#/components/schemas/Payment"
                  }
                }
              },
              "application/json": {
                "schema": {
                  "type": "array",
                  "items": {
                    "$ref": "#/components/schemas/Payment"
                  }
                }
              },
              "text/json": {
                "schema": {
                  "type": "array",
                  "items": {
                    "$ref": "#/components/schemas/Payment"
                  }
                }
              }
            }
          }
        }
      },
      "post": {
        "tags": [
          "Payment"
        ],
        "requestBody": {
          "content": {
            "application/json": {
              "schema": {
                "$ref": "#/components/schemas/Payment"
              }
            },
            "text/json": {
              "schema": {
                "$ref": "#/components/schemas/Payment"
              }
            },
            "application/*+json": {
              "schema": {
                "$ref": "#/components/schemas/Payment"
              }
            }
          }
        },
        "responses": {
          "200": {
            "description": "OK",
            "content": {
              "text/plain": {
                "schema": {
                  "$ref": "#/components/schemas/Payment"
                }
              },
              "application/json": {
                "schema": {
                  "$ref": "#/components/schemas/Payment"
                }
              },
              "text/json": {
                "schema": {
                  "$ref": "#/components/schemas/Payment"
                }
              }
            }
          }
        }
      }
    },
    "/api/Payment/{id}": {
      "get": {
        "tags": [
          "Payment"
        ],
        "parameters": [
          {
            "name": "id",
            "in": "path",
            "required": true,
            "schema": {
              "type": "integer",
              "format": "int32"
            }
          }
        ],
        "responses": {
          "200": {
            "description": "OK",
            "content": {
              "text/plain": {
                "schema": {
                  "$ref": "#/components/schemas/Payment"
                }
              },
              "application/json": {
                "schema": {
                  "$ref": "#/components/schemas/Payment"
                }
              },
              "text/json": {
                "schema": {
                  "$ref": "#/components/schemas/Payment"
                }
              }
            }
          }
        }
      },
      "put": {
        "tags": [
          "Payment"
        ],
        "parameters": [
          {
            "name": "id",
            "in": "path",
            "required": true,
            "schema": {
              "type": "integer",
              "format": "int32"
            }
          }
        ],
        "requestBody": {
          "content": {
            "application/json": {
              "schema": {
                "$ref": "#/components/schemas/Payment"
              }
            },
            "text/json": {
              "schema": {
                "$ref": "#/components/schemas/Payment"
              }
            },
            "application/*+json": {
              "schema": {
                "$ref": "#/components/schemas/Payment"
              }
            }
          }
        },
        "responses": {
          "200": {
            "description": "OK"
          }
        }
      },
      "delete": {
        "tags": [
          "Payment"
        ],
        "parameters": [
          {
            "name": "id",
            "in": "path",
            "required": true,
            "schema": {
              "type": "integer",
              "format": "int32"
            }
          }
        ],
        "responses": {
          "200": {
            "description": "OK"
          }
        }
      }
    },
    "/api/Product": {
      "get": {
        "tags": [
          "Product"
        ],
        "responses": {
          "200": {
            "description": "OK",
            "content": {
              "text/plain": {
                "schema": {
                  "type": "array",
                  "items": {
                    "$ref": "#/components/schemas/Product"
                  }
                }
              },
              "application/json": {
                "schema": {
                  "type": "array",
                  "items": {
                    "$ref": "#/components/schemas/Product"
                  }
                }
              },
              "text/json": {
                "schema": {
                  "type": "array",
                  "items": {
                    "$ref": "#/components/schemas/Product"
                  }
                }
              }
            }
          }
        }
      },
      "post": {
        "tags": [
          "Product"
        ],
        "requestBody": {
          "content": {
            "application/json": {
              "schema": {
                "$ref": "#/components/schemas/Product"
              }
            },
            "text/json": {
              "schema": {
                "$ref": "#/components/schemas/Product"
              }
            },
            "application/*+json": {
              "schema": {
                "$ref": "#/components/schemas/Product"
              }
            }
          }
        },
        "responses": {
          "200": {
            "description": "OK",
            "content": {
              "text/plain": {
                "schema": {
                  "$ref": "#/components/schemas/Product"
                }
              },
              "application/json": {
                "schema": {
                  "$ref": "#/components/schemas/Product"
                }
              },
              "text/json": {
                "schema": {
                  "$ref": "#/components/schemas/Product"
                }
              }
            }
          }
        }
      }
    },
    "/api/Product/{id}": {
      "get": {
        "tags": [
          "Product"
        ],
        "parameters": [
          {
            "name": "id",
            "in": "path",
            "required": true,
            "schema": {
              "type": "integer",
              "format": "int32"
            }
          }
        ],
        "responses": {
          "200": {
            "description": "OK",
            "content": {
              "text/plain": {
                "schema": {
                  "$ref": "#/components/schemas/Product"
                }
              },
              "application/json": {
                "schema": {
                  "$ref": "#/components/schemas/Product"
                }
              },
              "text/json": {
                "schema": {
                  "$ref": "#/components/schemas/Product"
                }
              }
            }
          }
        }
      },
      "put": {
        "tags": [
          "Product"
        ],
        "parameters": [
          {
            "name": "id",
            "in": "path",
            "required": true,
            "schema": {
              "type": "integer",
              "format": "int32"
            }
          }
        ],
        "requestBody": {
          "content": {
            "application/json": {
              "schema": {
                "$ref": "#/components/schemas/Product"
              }
            },
            "text/json": {
              "schema": {
                "$ref": "#/components/schemas/Product"
              }
            },
            "application/*+json": {
              "schema": {
                "$ref": "#/components/schemas/Product"
              }
            }
          }
        },
        "responses": {
          "200": {
            "description": "OK"
          }
        }
      },
      "delete": {
        "tags": [
          "Product"
        ],
        "parameters": [
          {
            "name": "id",
            "in": "path",
            "required": true,
            "schema": {
              "type": "integer",
              "format": "int32"
            }
          }
        ],
        "responses": {
          "200": {
            "description": "OK"
          }
        }
      }
    },
    "/api/Reviews": {
      "get": {
        "tags": [
          "Reviews"
        ],
        "responses": {
          "200": {
            "description": "OK",
            "content": {
              "text/plain": {
                "schema": {
                  "type": "array",
                  "items": {
                    "$ref": "#/components/schemas/Review"
                  }
                }
              },
              "application/json": {
                "schema": {
                  "type": "array",
                  "items": {
                    "$ref": "#/components/schemas/Review"
                  }
                }
              },
              "text/json": {
                "schema": {
                  "type": "array",
                  "items": {
                    "$ref": "#/components/schemas/Review"
                  }
                }
              }
            }
          }
        }
      },
      "post": {
        "tags": [
          "Reviews"
        ],
        "requestBody": {
          "content": {
            "application/json": {
              "schema": {
                "$ref": "#/components/schemas/Review"
              }
            },
            "text/json": {
              "schema": {
                "$ref": "#/components/schemas/Review"
              }
            },
            "application/*+json": {
              "schema": {
                "$ref": "#/components/schemas/Review"
              }
            }
          }
        },
        "responses": {
          "200": {
            "description": "OK",
            "content": {
              "text/plain": {
                "schema": {
                  "$ref": "#/components/schemas/Review"
                }
              },
              "application/json": {
                "schema": {
                  "$ref": "#/components/schemas/Review"
                }
              },
              "text/json": {
                "schema": {
                  "$ref": "#/components/schemas/Review"
                }
              }
            }
          }
        }
      }
    },
    "/api/Reviews/{id}": {
      "get": {
        "tags": [
          "Reviews"
        ],
        "parameters": [
          {
            "name": "id",
            "in": "path",
            "required": true,
            "schema": {
              "type": "integer",
              "format": "int32"
            }
          }
        ],
        "responses": {
          "200": {
            "description": "OK",
            "content": {
              "text/plain": {
                "schema": {
                  "$ref": "#/components/schemas/Review"
                }
              },
              "application/json": {
                "schema": {
                  "$ref": "#/components/schemas/Review"
                }
              },
              "text/json": {
                "schema": {
                  "$ref": "#/components/schemas/Review"
                }
              }
            }
          }
        }
      },
      "put": {
        "tags": [
          "Reviews"
        ],
        "parameters": [
          {
            "name": "id",
            "in": "path",
            "required": true,
            "schema": {
              "type": "integer",
              "format": "int32"
            }
          }
        ],
        "requestBody": {
          "content": {
            "application/json": {
              "schema": {
                "$ref": "#/components/schemas/Review"
              }
            },
            "text/json": {
              "schema": {
                "$ref": "#/components/schemas/Review"
              }
            },
            "application/*+json": {
              "schema": {
                "$ref": "#/components/schemas/Review"
              }
            }
          }
        },
        "responses": {
          "200": {
            "description": "OK"
          }
        }
      },
      "delete": {
        "tags": [
          "Reviews"
        ],
        "parameters": [
          {
            "name": "id",
            "in": "path",
            "required": true,
            "schema": {
              "type": "integer",
              "format": "int32"
            }
          }
        ],
        "responses": {
          "200": {
            "description": "OK"
          }
        }
      }
    },
    "/api/Test/products": {
      "get": {
        "tags": [
          "Test"
        ],
        "responses": {
          "200": {
            "description": "OK"
          }
        }
      }
    },
    "/api/User": {
      "get": {
        "tags": [
          "User"
        ],
        "responses": {
          "200": {
            "description": "OK",
            "content": {
              "text/plain": {
                "schema": {
                  "type": "array",
                  "items": {
                    "$ref": "#/components/schemas/User"
                  }
                }
              },
              "application/json": {
                "schema": {
                  "type": "array",
                  "items": {
                    "$ref": "#/components/schemas/User"
                  }
                }
              },
              "text/json": {
                "schema": {
                  "type": "array",
                  "items": {
                    "$ref": "#/components/schemas/User"
                  }
                }
              }
            }
          }
        }
      },
      "post": {
        "tags": [
          "User"
        ],
        "requestBody": {
          "content": {
            "application/json": {
              "schema": {
                "$ref": "#/components/schemas/User"
              }
            },
            "text/json": {
              "schema": {
                "$ref": "#/components/schemas/User"
              }
            },
            "application/*+json": {
              "schema": {
                "$ref": "#/components/schemas/User"
              }
            }
          }
        },
        "responses": {
          "200": {
            "description": "OK",
            "content": {
              "text/plain": {
                "schema": {
                  "$ref": "#/components/schemas/User"
                }
              },
              "application/json": {
                "schema": {
                  "$ref": "#/components/schemas/User"
                }
              },
              "text/json": {
                "schema": {
                  "$ref": "#/components/schemas/User"
                }
              }
            }
          }
        }
      }
    },
    "/api/User/{id}": {
      "get": {
        "tags": [
          "User"
        ],
        "parameters": [
          {
            "name": "id",
            "in": "path",
            "required": true,
            "schema": {
              "type": "integer",
              "format": "int32"
            }
          }
        ],
        "responses": {
          "200": {
            "description": "OK",
            "content": {
              "text/plain": {
                "schema": {
                  "$ref": "#/components/schemas/User"
                }
              },
              "application/json": {
                "schema": {
                  "$ref": "#/components/schemas/User"
                }
              },
              "text/json": {
                "schema": {
                  "$ref": "#/components/schemas/User"
                }
              }
            }
          }
        }
      },
      "put": {
        "tags": [
          "User"
        ],
        "parameters": [
          {
            "name": "id",
            "in": "path",
            "required": true,
            "schema": {
              "type": "integer",
              "format": "int32"
            }
          }
        ],
        "requestBody": {
          "content": {
            "application/json": {
              "schema": {
                "$ref": "#/components/schemas/User"
              }
            },
            "text/json": {
              "schema": {
                "$ref": "#/components/schemas/User"
              }
            },
            "application/*+json": {
              "schema": {
                "$ref": "#/components/schemas/User"
              }
            }
          }
        },
        "responses": {
          "200": {
            "description": "OK"
          }
        }
      },
      "delete": {
        "tags": [
          "User"
        ],
        "parameters": [
          {
            "name": "id",
            "in": "path",
            "required": true,
            "schema": {
              "type": "integer",
              "format": "int32"
            }
          }
        ],
        "responses": {
          "200": {
            "description": "OK"
          }
        }
      }
    },
    "/WeatherForecast": {
      "get": {
        "tags": [
          "WeatherForecast"
        ],
        "operationId": "GetWeatherForecast",
        "responses": {
          "200": {
            "description": "OK",
            "content": {
              "text/plain": {
                "schema": {
                  "type": "array",
                  "items": {
                    "$ref": "#/components/schemas/WeatherForecast"
                  }
                }
              },
              "application/json": {
                "schema": {
                  "type": "array",
                  "items": {
                    "$ref": "#/components/schemas/WeatherForecast"
                  }
                }
              },
              "text/json": {
                "schema": {
                  "type": "array",
                  "items": {
                    "$ref": "#/components/schemas/WeatherForecast"
                  }
                }
              }
            }
          }
        }
      }
    }
  },
  "components": {
    "schemas": {
      "Admin": {
        "required": [
          "dateOfBirth",
          "email",
          "firstName",
          "isActive",
          "lastName",
          "password",
          "phoneNumber"
        ],
        "type": "object",
        "properties": {
          "adminID": {
            "type": "integer",
            "format": "int32"
          },
          "firstName": {
            "maxLength": 50,
            "minLength": 1,
            "type": "string"
          },
          "lastName": {
            "maxLength": 50,
            "minLength": 1,
            "type": "string"
          },
          "email": {
            "maxLength": 150,
            "minLength": 1,
            "type": "string"
          },
          "password": {
            "maxLength": 255,
            "minLength": 1,
            "type": "string"
          },
          "phoneNumber": {
            "maxLength": 20,
            "minLength": 1,
            "type": "string"
          },
          "dateOfBirth": {
            "type": "string",
            "format": "date-time"
          },
          "dateCreated": {
            "type": "string",
            "format": "date-time"
          },
          "isActive": {
            "type": "boolean"
          },
          "payments": {
            "type": "array",
            "items": {
              "$ref": "#/components/schemas/Payment"
            },
            "nullable": true
          },
          "adminRoles": {
            "type": "array",
            "items": {
              "$ref": "#/components/schemas/AdminRole"
            },
            "nullable": true
          }
        },
        "additionalProperties": false
      },
      "AdminRole": {
        "required": [
          "roleName"
        ],
        "type": "object",
        "properties": {
          "adminRoleID": {
            "type": "integer",
            "format": "int32"
          },
          "roleName": {
            "maxLength": 50,
            "minLength": 1,
            "type": "string"
          },
          "description": {
            "maxLength": 255,
            "type": "string",
            "nullable": true
          },
          "admins": {
            "type": "array",
            "items": {
              "$ref": "#/components/schemas/Admin"
            },
            "nullable": true
          }
        },
        "additionalProperties": false
      },
      "DashboardDTO": {
        "type": "object",
        "properties": {
          "totalUsers": {
            "type": "integer",
            "format": "int32"
          },
          "totalOrders": {
            "type": "integer",
            "format": "int32"
          },
          "totalProducts": {
            "type": "integer",
            "format": "int32"
          },
          "totalRevenue": {
            "type": "number",
            "format": "double"
          },
          "recentOrders": {
            "type": "array",
            "items": {
              "$ref": "#/components/schemas/RecentOrderDTO"
            },
            "nullable": true
          },
          "topProductName": {
            "type": "string",
            "nullable": true
          },
          "topProductSales": {
            "type": "integer",
            "format": "int32"
          }
        },
        "additionalProperties": false
      },
      "Discount": {
        "required": [
          "discountName",
          "percentage"
        ],
        "type": "object",
        "properties": {
          "discountID": {
            "type": "integer",
            "format": "int32"
          },
          "discountName": {
            "maxLength": 100,
            "minLength": 1,
            "type": "string"
          },
          "percentage": {
            "type": "number",
            "format": "double"
          },
          "startDate": {
            "type": "string",
            "format": "date-time"
          },
          "endDate": {
            "type": "string",
            "format": "date-time"
          },
          "products": {
            "type": "array",
            "items": {
              "$ref": "#/components/schemas/Product"
            },
            "nullable": true
          }
        },
        "additionalProperties": false
      },
      "FrameCompany": {
        "required": [
          "address",
          "companyName",
          "contactPerson",
          "email",
          "isActive",
          "phoneNumber"
        ],
        "type": "object",
        "properties": {
          "frameCompanyID": {
            "type": "integer",
            "format": "int32"
          },
          "companyName": {
            "maxLength": 150,
            "minLength": 1,
            "type": "string"
          },
          "address": {
            "maxLength": 255,
            "minLength": 1,
            "type": "string"
          },
          "contactPerson": {
            "maxLength": 100,
            "minLength": 1,
            "type": "string"
          },
          "phoneNumber": {
            "maxLength": 20,
            "minLength": 1,
            "type": "string"
          },
          "email": {
            "maxLength": 150,
            "minLength": 1,
            "type": "string"
          },
          "dateCreated": {
            "type": "string",
            "format": "date-time"
          },
          "isActive": {
            "type": "boolean"
          },
          "frame_Compaines": {
            "type": "array",
            "items": {
              "$ref": "#/components/schemas/FrameCompany"
            },
            "nullable": true
          }
        },
        "additionalProperties": false
      },
      "Inventory": {
        "required": [
          "lastUpdated",
          "productID",
          "quantity"
        ],
        "type": "object",
        "properties": {
          "inventoryID": {
            "type": "integer",
            "format": "int32"
          },
          "productID": {
            "type": "integer",
            "format": "int32"
          },
          "quantity": {
            "type": "integer",
            "format": "int32"
          },
          "lastUpdated": {
            "type": "string",
            "format": "date-time"
          },
          "product": {
            "$ref": "#/components/schemas/Product"
          }
        },
        "additionalProperties": false
      },
      "LenseCompany": {
        "required": [
          "address",
          "companyName",
          "contactPerson",
          "email",
          "isActive",
          "phoneNumber"
        ],
        "type": "object",
        "properties": {
          "lenseCompanyID": {
            "type": "integer",
            "format": "int32"
          },
          "companyName": {
            "maxLength": 150,
            "minLength": 1,
            "type": "string"
          },
          "address": {
            "maxLength": 255,
            "minLength": 1,
            "type": "string"
          },
          "contactPerson": {
            "maxLength": 100,
            "minLength": 1,
            "type": "string"
          },
          "phoneNumber": {
            "maxLength": 20,
            "minLength": 1,
            "type": "string"
          },
          "email": {
            "maxLength": 150,
            "minLength": 1,
            "type": "string"
          },
          "dateCreated": {
            "type": "string",
            "format": "date-time"
          },
          "isActive": {
            "type": "boolean"
          },
          "lenses": {
            "type": "array",
            "items": {
              "$ref": "#/components/schemas/LenseCompany"
            },
            "nullable": true
          }
        },
        "additionalProperties": false
      },
      "Order": {
        "required": [
          "orderDate",
          "status",
          "totalAmount",
          "userID"
        ],
        "type": "object",
        "properties": {
          "orderID": {
            "type": "integer",
            "format": "int32"
          },
          "userID": {
            "type": "integer",
            "format": "int32"
          },
          "orderDate": {
            "type": "string",
            "format": "date-time"
          },
          "status": {
            "maxLength": 50,
            "minLength": 1,
            "type": "string"
          },
          "totalAmount": {
            "type": "number",
            "format": "double"
          },
          "user": {
            "$ref": "#/components/schemas/User"
          },
          "orderDetails": {
            "type": "array",
            "items": {
              "$ref": "#/components/schemas/Order_Details"
            },
            "nullable": true
          },
          "payments": {
            "type": "array",
            "items": {
              "$ref": "#/components/schemas/Payment"
            },
            "nullable": true
          }
        },
        "additionalProperties": false
      },
      "Order_Details": {
        "type": "object",
        "properties": {
          "orderDetailsID": {
            "type": "integer",
            "format": "int32"
          },
          "orderID": {
            "type": "integer",
            "format": "int32"
          },
          "order": {
            "$ref": "#/components/schemas/Order"
          },
          "productID": {
            "type": "integer",
            "format": "int32"
          },
          "product": {
            "$ref": "#/components/schemas/Product"
          },
          "quantity": {
            "type": "integer",
            "format": "int32"
          },
          "unitPrice": {
            "type": "number",
            "format": "double"
          }
        },
        "additionalProperties": false
      },
      "Payment": {
        "required": [
          "amountPaid",
          "orderID",
          "paymentDate",
          "paymentMethod"
        ],
        "type": "object",
        "properties": {
          "paymentID": {
            "type": "integer",
            "format": "int32"
          },
          "orderID": {
            "type": "integer",
            "format": "int32"
          },
          "amountPaid": {
            "type": "number",
            "format": "double"
          },
          "paymentMethod": {
            "maxLength": 50,
            "minLength": 1,
            "type": "string"
          },
          "paymentDate": {
            "type": "string",
            "format": "date-time"
          },
          "order": {
            "$ref": "#/components/schemas/Order"
          }
        },
        "additionalProperties": false
      },
      "Product": {
        "required": [
          "productName"
        ],
        "type": "object",
        "properties": {
          "productID": {
            "type": "integer",
            "format": "int32"
          },
          "productName": {
            "maxLength": 150,
            "minLength": 1,
            "type": "string"
          },
          "description": {
            "type": "string",
            "nullable": true
          },
          "price": {
            "type": "number",
            "format": "double"
          },
          "frameCompanyID": {
            "type": "integer",
            "format": "int32"
          },
          "frameCompany": {
            "$ref": "#/components/schemas/FrameCompany"
          },
          "lenseCompanyID": {
            "type": "integer",
            "format": "int32"
          },
          "lenseCompany": {
            "$ref": "#/components/schemas/LenseCompany"
          },
          "discountID": {
            "type": "integer",
            "format": "int32",
            "nullable": true
          },
          "discount": {
            "$ref": "#/components/schemas/Discount"
          },
          "orderDetails": {
            "type": "array",
            "items": {
              "$ref": "#/components/schemas/Order_Details"
            },
            "nullable": true
          },
          "inventories": {
            "type": "array",
            "items": {
              "$ref": "#/components/schemas/Inventory"
            },
            "nullable": true
          },
          "reviews": {
            "type": "array",
            "items": {
              "$ref": "#/components/schemas/Review"
            },
            "nullable": true
          }
        },
        "additionalProperties": false
      },
      "RecentOrderDTO": {
        "type": "object",
        "properties": {
          "orderId": {
            "type": "integer",
            "format": "int32"
          },
          "customerName": {
            "type": "string",
            "nullable": true
          },
          "orderDate": {
            "type": "string",
            "format": "date-time"
          },
          "orderTotal": {
            "type": "number",
            "format": "double"
          }
        },
        "additionalProperties": false
      },
      "Review": {
        "required": [
          "productID",
          "rating",
          "userID"
        ],
        "type": "object",
        "properties": {
          "reviewID": {
            "type": "integer",
            "format": "int32"
          },
          "productID": {
            "type": "integer",
            "format": "int32"
          },
          "userID": {
            "type": "integer",
            "format": "int32"
          },
          "rating": {
            "maximum": 5,
            "minimum": 1,
            "type": "integer",
            "format": "int32"
          },
          "comment": {
            "maxLength": 1000,
            "type": "string",
            "nullable": true
          },
          "reviewDate": {
            "type": "string",
            "format": "date-time"
          },
          "product": {
            "$ref": "#/components/schemas/Product"
          },
          "user": {
            "$ref": "#/components/schemas/User"
          }
        },
        "additionalProperties": false
      },
      "User": {
        "required": [
          "dateOfBirth",
          "email",
          "firstName",
          "isActive",
          "lastName",
          "password",
          "phoneNumber"
        ],
        "type": "object",
        "properties": {
          "userID": {
            "type": "integer",
            "format": "int32"
          },
          "firstName": {
            "maxLength": 100,
            "minLength": 1,
            "type": "string"
          },
          "lastName": {
            "maxLength": 100,
            "minLength": 1,
            "type": "string"
          },
          "email": {
            "maxLength": 150,
            "minLength": 1,
            "type": "string"
          },
          "password": {
            "maxLength": 255,
            "minLength": 1,
            "type": "string"
          },
          "phoneNumber": {
            "maxLength": 20,
            "minLength": 1,
            "type": "string"
          },
          "dateOfBirth": {
            "type": "string",
            "format": "date-time"
          },
          "dateCreated": {
            "type": "string",
            "format": "date-time"
          },
          "isActive": {
            "type": "boolean"
          }
        },
        "additionalProperties": false
      },
      "UserLoginDto": {
        "type": "object",
        "properties": {
          "email": {
            "type": "string",
            "nullable": true
          },
          "password": {
            "type": "string",
            "nullable": true
          }
        },
        "additionalProperties": false
      },
      "WeatherForecast": {
        "type": "object",
        "properties": {
          "date": {
            "type": "string",
            "format": "date"
          },
          "temperatureC": {
            "type": "integer",
            "format": "int32"
          },
          "temperatureF": {
            "type": "integer",
            "format": "int32",
            "readOnly": true
          },
          "summary": {
            "type": "string",
            "nullable": true
          }
        },
        "additionalProperties": false
      }
    },
    "securitySchemes": {
      "Bearer": {
        "type": "apiKey",
        "description": "Enter JWT token like: Bearer {your token}",
        "name": "Authorization",
        "in": "header"
      }
    }
  },
  "security": [
    {
      "Bearer": [ ]
    }
  ]
}